name,category
قواعد جارتين.,رواية
البؤساء.,رواية
أين المفر.,رواية
تراب الماس.,رواية
المعنى في طريقي.,رواية
الفيل الأزرق.,رواية
أنتيخريستوس.,رواية
أرض زيكولا.,رواية
الفيل الأزرق.,رواية
الكرنك.,رواية
في قلبي أنثى عبرية.,رواية
أنت.,رواية
تراب الماس.,رواية
نادر فوده 3.,رواية
من وراء حجاب.,رواية
العفريت.,رواية
أرض زيكولا.,رواية
قواعد العشق الأربعون.,رواية
كل الطرق لا تؤدي إلى روما.,رواية
حوارات الموتى.,رواية
دقات الشامو.,رواية
يونس.,رواية
انستا حياة.,رواية
الجنرال العائد.,رواية
هواء فاسد.,رواية
الحادث..,رواية
سيد الجينات.,رواية
عن الطيور نحكي.,رواية
بعد منتصف الليل.,رواية
أسطورة الفصيلة السادسة.,رواية
المتحف الأسود.,رواية
الأن نفتح الصندوق 2.,رواية
الأن نفتح الصندوق 2.,رواية
الأن نفتح الصندوق 3.,رواية
بعد التحية والسلام.,رواية
شفرة دافنشي.,رواية
المعذبون فالأرض.,رواية
الشخصية القوية الجذابة.,رواية
المهارات الأساسية في اللغة العربية.,رواية
الحائط.,رواية
إليزابيث كستلو.,رواية
عائلة باسكوال دوارتي.,رواية
قصر على النيل.,رواية
حبيبتي بكماء.,رواية
أن تملك وألا تملك.,رواية
حكاية ثمردان.,رواية
الطابع والتطبع.,رواية
لغز أم كلثوم.,رواية
أبوزيد الهلالي.,رواية
عابر سبيل.,رواية
مئة عام من العزلة.,رواية
جدول عام.,رواية
انتيخريستوس,رواية
مطلوب حبيب,رواية
نادر فودة 2,رواية
الفيل الازرق,رواية
فيرتيجو,رواية
9 ميللي,رواية
ارض الاله,رواية
الممسوس,رواية
ثلاثية غرناطة,رواية
المرتد,رواية
منزل ابو خطوة,رواية
دقات الشامو,رواية
ارض زيكولا,رواية
احببتك اكثر مما ينبغي,رواية
لأنها استثناء,رواية
في قلبي انثى عبرية,رواية
قلب مستعمل,رواية
شكلها سافرت,رواية
اماريتا,رواية
اماريتا,رواية
ما لا نبوح به,رواية
هيبتا,رواية
لا بطعم الفلامنكو,رواية
سيلفي,رواية
فيرتيجو,رواية
مطلوب حبيب,رواية
غربة الياسمين,رواية
ارض البشر,رواية
معطف من,رواية
الجانب المظلم,رواية
علاقات خطرة,رواية
اكتشفت زوجي في الاتوبيس,رواية
عندما يتحرك النطع,رواية
نسيان,رواية
كمانيليو,رواية
رجل مدمر,رواية
احتواء,رواية
ترميمة سلام,رواية
متجر الشكران,رواية
حكاية شمردل,رواية
انوثة مؤجلة,رواية
خربشات خارجة عن القانون,رواية
نسكافيه,رواية
حماة الاعلام,رواية
اصحاب الكرش,رواية
قطة وقديسة وجنية,رواية
الجنية,رواية
باندا,رواية
الشقيقات الثلاثة,رواية
رحلة الى الزمن,رواية
اللعبة والملعوب,رواية
زوجتي تكرهني,رواية
نساء معطلات,رواية
الملك لير,رواية
بنشوف العمر احسن منك,رواية
ما وراء الطبيعة العدد 27,رواية
ما وراء الطبيعة العدد 31,رواية
ما وراء الطبيعة العدد 59,رواية
ما وراء الطبيعة العدد 71,رواية
ما وراء الطبيعة العدد 49,رواية
سفاري العدد 28,رواية
سفاري العدد 38,رواية
سفاري العدد 37,رواية
سفاري العدد 26,رواية
الخيول,رواية
يوتيوبيا,رواية
الان نفتح الصندوق,رواية
أصحاب الكرش,رواية
 صور من ألبوم نيويورك,رواية
الموسيقى الخفية,رواية
الجنية,رواية
سيدتى حرم بائع الطماطم,رواية
المسحراتى,رواية
الفردوس المفقود.,منوعات
الوسائل المفيدة للحياة السعيدة.,منوعات
الوعد الحق.,منوعات
بردثات.,منوعات
أوقات للحزن والفرح.,منوعات
..,منوعات
جوع.,منوعات
المثقفون وكرة القدم.,منوعات
طارق ليل الظلمات.,منوعات
ستريان.,منوعات
راسكال.,منوعات
شمعة وفراشة.,منوعات
عقيدة التوحيد.,ديني
الذكاء ومكافحة الفقر.,ديني
الاسلام والنية.,ديني
الاسلام والنية.,ديني
عبقرية عمر.,ديني
عبقرية عمر.,ديني
ستر الحفيظ,ديني
أنيس المؤمنين.,ديني
علم الإجتماع الديني.,ديني
مجلة نور الاسلام.,ديني
الفتاوى المهمة.,ديني
الفلسطينيون.,ديني
ليطمئن قلبي.,ديني
great expectation,انجليزي
FoxBat,انجليزي
E.S.P,انجليزي
- مئة من عظماء أمة الاسلام,ديني
رسائل للحجاج والمعتمرين,ديني
ضريح عمرو بن ....,ديني
التحذير من البدع,ديني
التحقيق والايضاح,ديني
التوحيد,ديني
نور الاسلام,ديني
مفهوم المساواة فى الاسلام,ديني
ارشاد العباد,ديني
ايران,ديني
طوبى للغرباء,ديني
مجلة نور الاسلام,ديني
الوصية الشرعية,ديني
موجبات الجنة,ديني
ملك الكاست,مسرحيات وقصص قصيرة
كازينو بيض النعام,مسرحيات وقصص قصيرة
أول عباس,مسرحيات وقصص قصيرة
للموت معانى أخرى,مسرحيات وقصص قصيرة
كليلة ودمنة,مسرحيات وقصص قصيرة
من حكايات شكسبير,مسرحيات وقصص قصيرة
قلوب صغيرة,مسرحيات وقصص قصيرة
the growing year,انجليزي
ماكبيث,انجليزي
the years best science fiction,انجليزي
great expectations,انجليزي
Paulo Coelho,انجليزي
من الأرشيف السرى للثقافه المصرية,منوعات
بين البنفسج,منوعات
فريدة,منوعات
إلا الأرض,منوعات
واحد اثنان ثلاثة ما لا نهايه,منوعات
النحات,منوعات
كتب عالمية,منوعات
يوميات من القرن الافريقى,منوعات
مبادئ الاقتصاد.,منوعات
الفضائيات.,منوعات